Row, Difference
233, 3.327651e-02
234, 6.562962e-03
10748, 9.710953e-02
