Row, Difference
1345, 6.335485e+00
1524, 1.042529e+00
1694, 2.032873e+00
