Row, Difference
233, 3.327651e-02
234, 6.562962e-03
1041, 4.922470e-02
1042, 1.883528e-02
1043, 9.881735e-03
1105, 3.953551e-02
1758, 2.137437e-02
10748, 9.710953e-02
104878, 3.051441e-02
