Row, Sol
169, -2.627576e-01
847, -1.929530e+00
1695, 1.080313e+00
10685, 2.920100e+00
